E;1/1/2024;31/1/2024;AKJCBP
E;01/1/2024;31/01/2024;AKJCNO
E;01/1/2024;31/01/2024;AKJCNO
E;01/1/2024;31/01/2024;AKJCNK
I;01/1/2024;31/01/2024;JBUXWD
I;01/1/2024;31/01/2024;JBUXWD
I;01/1/2024;31/01/2024;JBUXWD
I;01/1/2024;31/01/2024;JBUXWD
I;01/1/2024;31/01/2024;JBUXWD
I;01/1/2024;31/01/2024;JBUXWD
I;01/1/2024;31/01/2024;JBUXWD
I;01/1/2024;31/01/2024;JBUXWD
I;01/1/2024;31/01/2024;JBUXWD
I;01/1/2024;31/01/2024;JBUXWD
I;01/1/2024;31/01/2024;JBUXWD
I;01/1/2024;31/01/2024;JBUXWD
I;01/1/2024;31/01/2024;JBUXWD
I;01/1/2024;31/01/2024;JBUXWD
I;01/1/2024;31/01/2024;JBUXWD
I;01/1/2024;31/01/2024;JBUXWD
I;01/1/2024;31/01/2024;JBUXWD
I;01/1/2024;31/01/2024;JBUXWD
I;01/1/2024;31/01/2024;JBUXWD
I;01/1/2024;31/01/2024;JBUXWD
I;01/1/2024;31/01/2024;JBUXWD
E;01/1/2024;31/01/2024;AKJCNO
E;01/1/2024;31/01/2024;AKJCNB
E;01/1/2024;31/01/2024;AKJCNB
E;01/1/2024;31/01/2024;AKJNOO
E;01/1/2024;31/01/2024;AKJNOO
E;01/1/2024;31/01/2024;AKJNOO
E;01/1/2024;31/01/2024;AKJNOO
E;01/1/2024;31/01/2024;AKJNOO
E;01/1/2024;31/01/2024;AKJNOO
E;01/1/2024;31/01/2024;AKJNOO
E;01/1/2024;31/01/2024;AKJNOO
E;01/1/2024;31/01/2024;AKJNOO
E;01/1/2024;31/01/2024;AKJNOR
E;01/1/2024;31/01/2024;AKJNOR
I;01/1/2024;31/01/2024;JBUXWD
I;01/1/2024;31/01/2024;JBUXWD
I;01/1/2024;31/01/2024;JBUXWD
I;01/1/2024;31/01/2024;JBUXWD
I;01/1/2024;31/01/2024;JBUXWD
I;01/1/2024;31/01/2024;JBUXWD
I;01/1/2024;31/01/2024;JBUXWD
I;01/1/2024;31/01/2024;JBUXWD
I;01/1/2024;31/01/2024;JBUXWD
I;01/1/2024;31/01/2024;JBUXWD
I;01/1/2024;31/01/2024;JBUXWD
I;01/1/2024;31/01/2024;JBUXWD
I;01/1/2024;31/01/2024;JBUXWD
I;01/1/2024;31/01/2024;JBUXWD
I;01/1/2024;31/01/2024;JBUXWD
I;01/1/2024;31/01/2024;JBUXWD
I;01/1/2024;31/01/2024;JBUXWD
I;01/1/2024;31/01/2024;JBUXWD
I;01/1/2024;31/01/2024;JBUXWD
I;01/1/2024;31/01/2024;JBUXWD
I;01/1/2024;31/01/2024;JBUXWD
I;01/1/2024;31/01/2024;JBUXWD
I;01/1/2024;31/01/2024;JBUXWD
I;01/1/2024;31/01/2024;JBUXWD
I;01/1/2024;31/01/2024;JBUXWM
I;01/1/2024;31/01/2024;JBUXWM
I;01/1/2024;31/01/2024;JBUXWM
I;01/1/2024;31/01/2024;JBUXWM
I;01/1/2024;31/01/2024;JBUXWM
I;01/1/2024;31/01/2024;JBUXWM
I;01/1/2024;31/01/2024;JBUXWM
I;01/1/2024;31/01/2024;JBUXWM
I;01/1/2024;31/01/2024;JBUXWM
I;01/1/2024;31/01/2024;JBUXWM
I;01/1/2024;31/01/2024;JBUXWM
I;01/1/2024;31/01/2024;JBUXWM
I;01/1/2024;31/01/2024;JBUXWM
I;01/1/2024;31/01/2024;JBUXWM
I;01/1/2024;31/01/2024;JBUXWM
I;01/1/2024;31/01/2024;JBUXWM
I;01/1/2024;31/01/2024;JBUXWM
I;01/1/2024;31/01/2024;JBUXWM
I;01/1/2024;31/01/2024;JBUXWM
I;01/1/2024;31/01/2024;JBUXWM
I;01/1/2024;31/01/2024;JBUXWM
I;01/1/2024;31/01/2024;JBUXWM
I;01/1/2024;31/01/2024;JBUXWM
I;01/1/2024;31/01/2024;JBUXWM
